{"cameraMode":{"drawMode":0,"name":"Shaded","section":"Shading Mode"},"sceneLighting":false,"audioPlay":false,"sceneViewState":{"showFog":true,"showMaterialUpdate":false,"showSkybox":false,"showFlares":true,"showImageEffects":true,"showParticleSystems":true},"in2DMode":false,"pivot":{"x":-0.0020096302032470705,"y":0.00311279296875,"z":0.0057337284088134769},"rotation":{"x":0.18932834267616273,"y":0.016200149431824685,"z":-0.003129362827166915,"w":0.9817909598350525},"size":-0.23337966203689576,"orthographic":false}