{"cameraMode":{"drawMode":0,"name":"Shaded","section":"Shading Mode"},"sceneLighting":false,"audioPlay":false,"sceneViewState":{"showFog":true,"showMaterialUpdate":false,"showSkybox":false,"showFlares":true,"showImageEffects":true,"showParticleSystems":true},"in2DMode":false,"pivot":{"x":-0.027956519275903703,"y":-0.4385567903518677,"z":0.7128787040710449},"rotation":{"x":-0.29438135027885439,"y":0.0034377200063318016,"z":-0.0010587434517219663,"w":-0.9556824564933777},"size":4.093790054321289,"orthographic":false}