{"cameraMode":{"drawMode":0,"name":"Shaded","section":"Shading Mode"},"sceneLighting":true,"audioPlay":false,"sceneViewState":{"showFog":true,"showMaterialUpdate":false,"showSkybox":true,"showFlares":true,"showImageEffects":true,"showParticleSystems":true},"in2DMode":false,"pivot":{"x":954.9732666015625,"y":1393.5137939453125,"z":-38.205177307128909},"rotation":{"x":-0.04069160670042038,"y":0.7168305516242981,"z":0.041983649134635928,"w":0.6948042511940002},"size":1588.30859375,"orthographic":false}